Disciplina,Prova,Fazer após,Conteúdo/Aulas,Tópicos principais,Tipo,Duração,PDF
Circuitos Digitais,01 - Representação da informação,Após posição 8: [CIRCUITOS DIGITAIS] Aula 08 - Aritmética de Números BCD,posições 1–8,Sistemas de numeração; códigos binários; aritmética; números com sinal; BCD,Análise e projeto técnico,120 min,[PDF](etapa-01/circuitos-digitais/prova-01.pdf)
Circuitos Digitais,02 - Álgebra Booleana e síntese,Após posição 18: [CIRCUITOS DIGITAIS] Aula 18 - Simplificação Algébrica,posições 9–18,Portas; expressões; tabelas-verdade; formas canônicas; síntese; Logisim; simplificação algébrica,Análise e projeto técnico,120 min,[PDF](etapa-01/circuitos-digitais/prova-02.pdf)
Circuitos Digitais,03 - Minimização combinacional,Após posição 24: [CIRCUITOS DIGITAIS] Aula 24 - Universalidade das Portas NAND e NOR,posições 19–24,Karnaugh; projeto combinacional; universalidade NAND/NOR,Análise e projeto técnico,120 min,[PDF](etapa-01/circuitos-digitais/prova-03.pdf)
Circuitos Digitais,04 - Aritmética em hardware,Após posição 34: [CIRCUITOS DIGITAIS] Aula 34 - Somadores Carry Look-a-Head,posições 25–34,Somadores; subtratores; incremento; BCD; multiplicadores; comparação; carry look-ahead,Análise e projeto técnico,120 min,[PDF](etapa-01/circuitos-digitais/prova-04.pdf)
Circuitos Digitais,05 - Blocos e caminhos combinacionais,Após posição 53: [CIRCUITOS DIGITAIS] Aula 53 - Aplicações de Circuitos Combinacionais #2,posições 35–53,Paridade; conversores; displays; decodificadores; codificadores; multiplexadores; Shannon; demultiplexadores; deslocadores; ULA,Análise e projeto técnico,120 min,[PDF](etapa-01/circuitos-digitais/prova-05.pdf)
Circuitos Digitais,06 - Memória elementar e estados,Após posição 67: [CIRCUITOS DIGITAIS] Aula 67 - Flip-Flops no Logisim,posições 54–67,Máquinas de estados; Moore/Mealy; tabelas; latches; flip-flops; entradas assíncronas,Análise e projeto técnico,120 min,[PDF](etapa-01/circuitos-digitais/prova-06.pdf)
Circuitos Digitais,07 - Análise e projeto sequencial,Após posição 86: [CIRCUITOS DIGITAIS] Aula 86 - Projeto de Circuitos Sequenciais (Máquina Moore vs. Máquina Mealy),posições 68–86,Análise; projeto; multiplexadores; Moore versus Mealy,Análise e projeto técnico,120 min,[PDF](etapa-01/circuitos-digitais/prova-07.pdf)
Circuitos Digitais,08 - Minimização e implementação de estados,Após posição 93: CIRCUITOS DIGITAIS - Aula 93 - Codificação dos Estados,posições 87–93,Minimização; implicação; partição; estado inicial; temporização; codificação,Análise e projeto técnico,120 min,[PDF](etapa-01/circuitos-digitais/prova-08.pdf)
Matemática Discreta,01 - Lógica e conjuntos,Após posição 18: Matemática Discreta - UFC - Conjuntos (aula 05),posições 1–18,Lógica matemática; conjuntos,"Problemas, cálculos e demonstrações",120 min,[PDF](etapa-01/matematica-discreta/prova-01.pdf)
Matemática Discreta,02 - Demonstração e indução,"Após posição 57: Matemática Discreta UFC Lista 1 Questões 13(e,f) e  14",posições 19–57,Métodos de demonstração; indução simples e forte; exercícios Lista 1,"Problemas, cálculos e demonstrações",120 min,[PDF](etapa-01/matematica-discreta/prova-02.pdf)
Matemática Discreta,03 - Relações e funções,Após posição 89: Matemática Discreta - UFC - Funções (aula 02),posições 58–89,Relações; fechos; ordens parciais; equivalência; funções,"Problemas, cálculos e demonstrações",120 min,[PDF](etapa-01/matematica-discreta/prova-03.pdf)
Matemática Discreta,04 - Somatórios e recorrências,Após posição 96: Matemática Discreta - UFC - Recorrências (aula 05) - Resumo,posições 90–96,Somatórios; recorrências,"Problemas, cálculos e demonstrações",120 min,[PDF](etapa-01/matematica-discreta/prova-04.pdf)
Matemática Discreta,"05 - Contagem, probabilidade e grafos",Após posição 113: Matemática Discreta - UFC - Breve Introdução à Teoria dos Grafos - aula 2,posições 97–113,Combinatória; casa dos pombos; probabilidade; Monty Hall; introdução a grafos,"Problemas, cálculos e demonstrações",120 min,[PDF](etapa-01/matematica-discreta/prova-05.pdf)
Linguagens de Programação,"01 - Critérios, nomes e escopo",Após posição 4: Aula #04 - Discussão sobre História das Linguagens de Programação |  Linguagens de Programação,posições 1–4,Critérios de avaliação; nomes; vinculações; escopo estático/dinâmico; história,"Código, algoritmos e análise",120 min,[PDF](etapa-01/linguagens-de-programacao/prova-01.pdf)
Linguagens de Programação,02 - Tipos e controle,Após posição 8: Aula #08 - Discussão sobre Estruturas de Controle no Nível de Sentença |  Linguagens de Programação,posições 5–8,Tipos de dados; expressões; atribuição; estruturas de controle,"Código, algoritmos e análise",120 min,[PDF](etapa-01/linguagens-de-programacao/prova-02.pdf)
Linguagens de Programação,03 - Abstração e subprogramas,Após posição 12: Aula #12 - Discussão sobre Suporte a Programação Orientada a Objeto |  Linguagens de Programação,posições 9–12,Subprogramas; implementação; tipos abstratos; suporte a OO,"Código, algoritmos e análise",120 min,[PDF](etapa-01/linguagens-de-programacao/prova-03.pdf)
Introdução à Ciência da Computação com Python I,01 - Expressões e decisões,Após Módulo 3 / Semana 3,módulos 1–3,Computação; ambiente; variáveis; tipos; entrada/saída; expressões booleanas; condicionais,"Código, algoritmos e análise",120 min,[PDF](etapa-01/introducao-a-ciencia-da-computacao-com-python-i/prova-01.pdf)
Introdução à Ciência da Computação com Python I,"02 - Repetição, funções e depuração",Após Módulo 6 / Semana 6,módulos 4–6,while; indicadores; depurador; funções; print/return; testes; refatoração; programa completo,"Código, algoritmos e análise",120 min,[PDF](etapa-01/introducao-a-ciencia-da-computacao-com-python-i/prova-02.pdf)
Introdução à Ciência da Computação com Python I,03 - Coleções e integração,Após Módulo 9 / Semana 9,módulos 7–9,Repetições encaixadas; listas; for; manipulação; objetos na memória; estilo; integração,"Código, algoritmos e análise",120 min,[PDF](etapa-01/introducao-a-ciencia-da-computacao-com-python-i/prova-03.pdf)
Geometria Analítica,01 - Matrizes e sistemas,Após posição 20: Geometria Analítica ⭐ Videoaula 2.4 ⭐ Resolução por escalonamento III,posições 1–20,Operações; determinantes; inversa; escalonamento; Gauss-Jordan; sistemas lineares,"Problemas, cálculos e demonstrações",120 min,[PDF](etapa-01/geometria-analitica/prova-01.pdf)
Geometria Analítica,02 - Vetores e produtos,Após posição 33: Geometria Analítica ⭐ Videoaula 3.11 ⭐ Produto Misto,posições 21–33,Vetores; combinação linear; base; produto escalar; ângulo; produto vetorial; produto misto,"Problemas, cálculos e demonstrações",120 min,[PDF](etapa-01/geometria-analitica/prova-02.pdf)
Geometria Analítica,"03 - Retas, planos e distâncias",Após posição 43: Geometria Analítica ⭐ Videoaula 4.9 ⭐ Distâncias (parte 2),posições 34–43,Equações de retas e planos; posições relativas; interseções; ângulos; distâncias,"Problemas, cálculos e demonstrações",120 min,[PDF](etapa-01/geometria-analitica/prova-03.pdf)
Geometria Analítica,04 - Cônicas e quádricas,Após posição 55: Geometria Analítica ⭐ Videoaula 6.4 ⭐ Paraboloides elíptico e hiperbólico,posições 44–55,Completamento de quadrado; translação; circunferência; elipse; parábola; hipérbole; quádricas,"Problemas, cálculos e demonstrações",120 min,[PDF](etapa-01/geometria-analitica/prova-04.pdf)
Cálculo I,01 - Limites e continuidade,Após posição 17: Cálculo I - Aula 6 (2/3)  Limite Trigonométrico Fundamental e Aplicações,posições 1–17,Limites; laterais; infinito; confronto; continuidade; limite trigonométrico,"Problemas, cálculos e demonstrações",150 min,[PDF](etapa-02/calculo-i/prova-01.pdf)
Cálculo I,02 - Derivação e taxas,Após posição 36: Cálculo I - Aula 12  (3/3) Limites e Derivadas: Exercícios,posições 18–36,Definição; reta tangente; regras; inversas; implícitas; ordens superiores; taxas relacionadas,"Problemas, cálculos e demonstrações",150 min,[PDF](etapa-02/calculo-i/prova-02.pdf)
Cálculo I,03 - Teoremas e aplicações da derivada,Após posição 72: Cálculo I - Aula 24 (3/3) Derivadas e aplicações: exercícios,posições 37–72,Exponenciais; logaritmos; sequências; TVI; Weierstrass; Fermat; Rolle; TVM; concavidade; L’Hospital; gráficos; otimização; Taylor,"Problemas, cálculos e demonstrações",150 min,[PDF](etapa-02/calculo-i/prova-03.pdf)
Cálculo I,04 - Integração e técnicas,Após posição 84: Cálculo I - Aula 28 (3/3) Exemplo com frações parciais; Volumes,posições 73–84,Riemann; TFC; primitivas; substituição; partes; produtos trigonométricos; frações parciais,"Problemas, cálculos e demonstrações",150 min,[PDF](etapa-02/calculo-i/prova-04.pdf)
Cálculo I,05 - Aplicações e integrais impróprias,Após posição 102: Cálculo I - Aula 34 (3/3) Integração - mais exercícios,posições 85–102,Volumes; áreas; comprimento; funções dadas por integrais; integrais impróprias; convergência; aproximação,"Problemas, cálculos e demonstrações",150 min,[PDF](etapa-02/calculo-i/prova-05.pdf)
Álgebra Linear I,Pendente,Checkpoint não definido,Sequência pública 1–23; Aula 17 ausente,Conteúdo por aula não confirmado,Não definido,Não definida,Sem PDF
Estruturas de Dados,01 - Estruturas lineares e custo,Após posição 8: Estruturas de Dados: 08 Implementando Ponteiros e Objetos,posições 1–8,Análise; notação assintótica; vetores; merge sort; pilhas; filas; listas; ponteiros,"Código, algoritmos e análise",120 min,[PDF](etapa-02/estruturas-de-dados/prova-01.pdf)
Estruturas de Dados,02 - Árvores de busca,Após posição 12: Estruturas de Dados: 12 Inclusão e Remoção em Árvores Binárias de Busca,posições 9–12,Árvores; percursos; BST; inserção; remoção,"Código, algoritmos e análise",120 min,[PDF](etapa-02/estruturas-de-dados/prova-02.pdf)
Estruturas de Dados,03 - Árvores balanceadas,Após posição 17: Estruturas de Dados: 17 Inclusão e Remoção em Árvore B,posições 13–17,Rubro-negras; inserção; remoção; árvore B,"Código, algoritmos e análise",120 min,[PDF](etapa-02/estruturas-de-dados/prova-03.pdf)
Estruturas de Dados,04 - Dicionários e prioridade,Após posição 21: Estruturas de Dados: 21 Heaps e HeapSort,posições 18–21,Dicionário; análise amortizada; prioridade; heaps; heapsort,"Código, algoritmos e análise",120 min,[PDF](etapa-02/estruturas-de-dados/prova-04.pdf)
Introdução à Ciência da Computação com Python II,01 - Dados estruturados e objetos,Após Módulo 3 / Semana 3,módulos 1–3,Matrizes; strings; modularização; OO; código testável,"Código, algoritmos e análise",120 min,[PDF](etapa-02/introducao-a-ciencia-da-computacao-com-python-ii/prova-01.pdf)
Introdução à Ciência da Computação com Python II,"02 - Busca, ordenação e desempenho",Após Módulo 5 / Semana 5,módulos 4–5,Busca sequencial; seleção; complexidade; bolha; comparação; testes; busca binária,"Código, algoritmos e análise",120 min,[PDF](etapa-02/introducao-a-ciencia-da-computacao-com-python-ii/prova-02.pdf)
Introdução à Ciência da Computação com Python II,03 - Recursão,Após Módulo 6 / Semana 6,módulos 6–6,Recursão; decomposição; testes de casos base,"Código, algoritmos e análise",120 min,[PDF](etapa-02/introducao-a-ciencia-da-computacao-com-python-ii/prova-03.pdf)
Laboratório de Programação Orientada a Objetos I,"01 - Modelagem, sintaxe e testes",Após Módulo 2 / Semana 2,módulos 1–2,OO; herança; UML; compilação/interpretação; Java/Python; boas práticas; depuração; pytest,"Código, algoritmos e análise",120 min,[PDF](etapa-02/laboratorio-de-programacao-orientada-a-objetos-i/prova-01.pdf)
Laboratório de Programação Orientada a Objetos I,02 - Polimorfismo e fluxos,Após Módulo 4 / Semana 4,módulos 3–4,Tipagem; coleções; interfaces; classes abstratas; polimorfismo; exceções; I/O e network streams,"Código, algoritmos e análise",120 min,[PDF](etapa-02/laboratorio-de-programacao-orientada-a-objetos-i/prova-02.pdf)
Laboratório de Programação Orientada a Objetos I,03 - Padrões e arquitetura,Após Módulo 6 / Semana 6,módulos 5–6,Estratégia; adaptador; singleton; método fábrica; fábrica abstrata; protótipo; estado; MVC,"Código, algoritmos e análise",120 min,[PDF](etapa-02/laboratorio-de-programacao-orientada-a-objetos-i/prova-03.pdf)
Algoritmos em Grafos,01 - Modelos e propriedades,Após posição 10: Correção da 1ª Avaliação (Turma 01),posições 1–10,Conectividade; caminhos; ciclos; árvores; Euler/Hamilton; clique; independência; cobertura; dominante; emparelhamento; coloração; planaridade,"Código, algoritmos e análise",120 min,[PDF](etapa-03/algoritmos-em-grafos/prova-01.pdf)
Algoritmos em Grafos,02 - Buscas e otimização,Após posição 23: Revisão para 2ª Avaliação (Turma 01),posições 11–23,Representação; DFS; ordenação topológica; componentes; BFS; Dijkstra; Bellman-Ford; Prim; Kruskal,"Código, algoritmos e análise",120 min,[PDF](etapa-03/algoritmos-em-grafos/prova-02.pdf)
Algoritmos em Grafos,03 - Fluxos,Após posição 25: Fluxo Máximo - Algoritmo Push-Relabel (Turma 01),posições 24–25,Fluxo máximo; Ford-Fulkerson; push-relabel,"Código, algoritmos e análise",120 min,[PDF](etapa-03/algoritmos-em-grafos/prova-03.pdf)
Arquitetura de Computadores I,01 - Do circuito à memória,Após posição 21: MC404 - Detalhamento Memória RAM,posições 1–21,Booleana; HDL; barramentos; números; somadores; Von Neumann; ULA Hack; registradores; RAM; PC,Análise e projeto técnico,120 min,[PDF](etapa-03/arquitetura-de-computadores-i/prova-01.pdf)
Arquitetura de Computadores I,02 - Máquina Hack,Após posição 31: MC404 2020s1 - A CPU Hack,posições 22–31,Linguagem de máquina; instruções Hack; I/O; assembly; busca/execução; CPU Hack,Análise e projeto técnico,120 min,[PDF](etapa-03/arquitetura-de-computadores-i/prova-02.pdf)
Arquitetura de Computadores I,03 - RISC-V e codificação,Após posição 37: Codificação de Instruções,posições 32–37,RISC-V; instruções básicas; memória; saltos; simulação; codificação,Análise e projeto técnico,120 min,[PDF](etapa-03/arquitetura-de-computadores-i/prova-03.pdf)
Arquitetura de Computadores I,04 - Convenções e serviços,Após posição 47: Exceções e Interrupções no RISC-V,posições 38–47,Funções; pilha; convenções; recursão; memória; operações de bits; caracteres; strings; syscalls; variáveis; exceções/interrupções,Análise e projeto técnico,120 min,[PDF](etapa-03/arquitetura-de-computadores-i/prova-04.pdf)
Probabilidade e Estatística,01 - Eventos e atualização de crenças,Após posição 13: O Problema que só foi resolvido pela mulher mais inteligente do mundo!,posições 1–13,Probabilidade; união; complemento; combinatória; condicional; independência; total; Bayes; Monty Hall,"Problemas, cálculos e demonstrações",120 min,[PDF](etapa-03/probabilidade-e-estatistica/prova-01.pdf)
Probabilidade e Estatística,02 - Variáveis e distribuições,Após posição 23: Probabilidade Aula 22 - Exercícios da Distribuição Normal - Ficha Resumo de Probabilidade,posições 14–23,Variáveis; massa/densidade; esperança; variância; uniforme; Bernoulli; binomial; Poisson; normal,"Problemas, cálculos e demonstrações",120 min,[PDF](etapa-03/probabilidade-e-estatistica/prova-02.pdf)
Probabilidade e Estatística,03 - Descrição de dados,Após posição 27: Estatística Aula 26 - Medidas de Dispersão,posições 24–27,Amostragem; frequências; histograma; posição; dispersão,"Problemas, cálculos e demonstrações",120 min,[PDF](etapa-03/probabilidade-e-estatistica/prova-03.pdf)
Probabilidade e Estatística,04 - Inferência e relações,Após posição 40: Prova de Probabilidade e Estatística 2021 - Turma Eixo Computação - UNIVESP,posições 28–40,Intervalos; testes para médias/proporções; correlação; regressão; aplicações; revisão,"Problemas, cálculos e demonstrações",120 min,[PDF](etapa-03/probabilidade-e-estatistica/prova-04.pdf)
Cálculo II,01 - Aproximação e geometria multivariável,"Após posição 21: Resolução de problemas e exercícios da lista 1 II (Tópico 8, parte 3)",posições 1–21,Taylor e resto; curvas paramétricas; gráficos; níveis; limites de duas variáveis,"Problemas, cálculos e demonstrações",150 min,[PDF](etapa-03/calculo-ii/prova-01.pdf)
Cálculo II,02 - Diferenciação multivariável,"Após posição 43: Exercícios (Tópico 16, parte 2)",posições 22–43,Parciais; diferenciabilidade; condições suficientes; cadeia; gradiente; ordens superiores; direcional,"Problemas, cálculos e demonstrações",150 min,[PDF](etapa-03/calculo-ii/prova-02.pdf)
Cálculo II,03 - Extremos e restrições,Após posição 70: Revisão do Teorema de Weierstrass e exercícios (Tópico 26),posições 44–70,Três variáveis; superfícies de nível; extremos; Lagrange; duas restrições; Hessiana; Weierstrass,"Problemas, cálculos e demonstrações",150 min,[PDF](etapa-03/calculo-ii/prova-03.pdf)
Programação Funcional em Haskell,01 - Fundamentos funcionais,Após posição 16: 5.1 - Programação Funcional em Haskell: Testes de Propriedades - QuickCheck,posições 1–16,Paradigmas; lambda; combinador Y; tipos; where; guards; pattern matching; listas; recursão; QuickCheck,"Código, algoritmos e análise",120 min,[PDF](etapa-03/programacao-funcional-em-haskell/prova-01.pdf)
Programação Funcional em Haskell,02 - Composição e tipos,Após posição 27: 8.2 - Programação Funcional em Haskell: Tipo de Dado Fold,posições 17–27,Alta ordem; folds; composição; type; ADTs; tipos recursivos; álgebra dos tipos; zipper; typeclasses; monoid; tipo Fold,"Código, algoritmos e análise",120 min,[PDF](etapa-03/programacao-funcional-em-haskell/prova-02.pdf)
Programação Funcional em Haskell,03 - Estrutura dos efeitos,Após posição 35: 10.5 - Programação Funcional em Haskell: Instância de Applicative para a ADT Folds,posições 28–35,Functor; applicative; traversable; aplicações,"Código, algoritmos e análise",120 min,[PDF](etapa-03/programacao-funcional-em-haskell/prova-03.pdf)
Programação Funcional em Haskell,04 - Composição monádica,Após posição 44: 11.9 - Programação Funcional em Haskell: Funções de Alta Ordem para Monads,posições 36–44,Monad; listas; Either; Reader; Writer; State; IO; combinadores,"Código, algoritmos e análise",120 min,[PDF](etapa-03/programacao-funcional-em-haskell/prova-04.pdf)
Programação Funcional em Haskell,05 - Avaliação e concorrência,Após posição 53: 14.3 Concorrência - Async,posições 45–53,Laziness; listas infinitas; Eval; estratégias; Threadscope; forkIO; MVar; Async,"Código, algoritmos e análise",120 min,[PDF](etapa-03/programacao-funcional-em-haskell/prova-05.pdf)
Programação Funcional em Haskell,06 - Estruturas persistentes,Após posição 62: 16.7 Estruturas de Dados Puramente Funcionais  - Árvores Rubro-Negras: Inserção,posições 54–62,Persistência; listas; árvores; DFS/BFS; zipper; rose trees; rubro-negras,"Código, algoritmos e análise",120 min,[PDF](etapa-03/programacao-funcional-em-haskell/prova-06.pdf)
Análise de Algoritmos,01 - Corretude e custo iterativo,Após posição 10: Insertion Sort,posições 1–10,Invariantes; busca binária; casos; O/Ω/Θ; insertion sort,"Código, algoritmos e análise",150 min,[PDF](etapa-04/analise-de-algoritmos/prova-01.pdf)
Análise de Algoritmos,02 - Recursão e recorrências,Após posição 23: Método Mestre (demonstração),posições 11–23,Corretude recursiva; merge sort; divisão/conquista; substituição; iteração; árvore; mestre,"Código, algoritmos e análise",150 min,[PDF](etapa-04/analise-de-algoritmos/prova-02.pdf)
Análise de Algoritmos,03 - Ordenação e heaps,Após posição 31: Ordenação,posições 24–31,Selection sort; heap; operações; construção; heapsort; ordenação,"Código, algoritmos e análise",150 min,[PDF](etapa-04/analise-de-algoritmos/prova-03.pdf)
Análise de Algoritmos,04 - Algoritmos em grafos,Após posição 45: Busca em digrafos,posições 32–45,Modelos; representações; subgrafos; conexidade; distâncias; árvores; buscas; digrafos,"Código, algoritmos e análise",150 min,[PDF](etapa-04/analise-de-algoritmos/prova-04.pdf)
Análise de Algoritmos,05 - Projeto para otimização,Após posição 65: Algoritmo de Floyd-Warshall (parte 2),posições 46–65,Guloso; tarefas; mochila fracionária; AGM; union-find; Dijkstra; dinâmica; Fibonacci; corte de barra; mochila; alinhamento; Floyd-Warshall,"Código, algoritmos e análise",150 min,[PDF](etapa-04/analise-de-algoritmos/prova-05.pdf)
Análise de Algoritmos,06 - Limites e reduções,Após posição 74: Caminhos mínimos com ciclos negativos,posições 66–74,Decisão; redução; P/NP; NP-completude; ciclos negativos,"Código, algoritmos e análise",150 min,[PDF](etapa-04/analise-de-algoritmos/prova-06.pdf)
Métodos Numéricos I,01 - Erros e raízes,Após posição 12: UFC Bento MN1 Unidade2 Parte6 AulaRaizesDePolinomios,posições 1–12,Ponto flutuante; tipos/propagação de erros; bisseção; falsa posição; ponto fixo; Newton; secante; raízes polinomiais,"Problemas, cálculos e demonstrações",120 min,[PDF](etapa-04/metodos-numericos-i/prova-01.pdf)
Métodos Numéricos I,02 - Sistemas numéricos,Após posição 20: UFC Bento MN1 Unidade3 Parte8 AulaMetodoGaussSeidel,posições 13–20,Soluções; Gauss; pivoteamento; Gauss-Jordan; LU; Jacobi; Gauss-Seidel,"Problemas, cálculos e demonstrações",120 min,[PDF](etapa-04/metodos-numericos-i/prova-02.pdf)
Métodos Numéricos I,03 - Interpolação,Após posição 24: UFC Bento MN1 Unidade4 Parte3 AulaInterpolacaoNewton,posições 21–24,Interpolação; inversa; Lagrange; Newton,"Problemas, cálculos e demonstrações",120 min,[PDF](etapa-04/metodos-numericos-i/prova-03.pdf)
Banco de Dados,01 - Modelagem e integridade,Após posição 9: Bancos de Dados - Aula 09 - Ferramentas CASE para modelagem de banco de dados,posições 1–9,MER; MER estendido; relacional; restrições; mapeamento; ferramentas CASE,Cenários e resolução técnica,120 min,[PDF](etapa-04/banco-de-dados/prova-01.pdf)
Banco de Dados,02 - Consultas,Após posição 16: Bancos de Dados - Aula 16 - Linguagem de consulta – SQL Parte IV,posições 10–16,Álgebra relacional; cálculo relacional; SQL,Cenários e resolução técnica,120 min,[PDF](etapa-04/banco-de-dados/prova-02.pdf)
Banco de Dados,03 - Projeto e normalização,Após posição 20: Bancos de Dados - Aula 20 - Formas Normais – Parte II,posições 17–20,Diretrizes; dependências funcionais; formas normais,Cenários e resolução técnica,120 min,[PDF](etapa-04/banco-de-dados/prova-03.pdf)
Banco de Dados,04 - Operação confiável,Após posição 28: Bancos de Dados - Aula 28 - Recuperação de falhas – Parte II,posições 21–28,Segurança; processamento de consultas; arquiteturas; transações; concorrência; recuperação,Cenários e resolução técnica,120 min,[PDF](etapa-04/banco-de-dados/prova-04.pdf)
Arquitetura de Computadores II,01 - Memória e medidas,Após posição 10: Implementação de Caches,posições 1–10,Benchmarks; RISC-V; processadores; simulador; caches; níveis; memória virtual,Análise e projeto técnico,120 min,[PDF](etapa-04/arquitetura-de-computadores-ii/prova-01.pdf)
Arquitetura de Computadores II,02 - Front-end do processador,Após posição 18: Impacto do Conjunto de Instruções de um Processador,posições 11–18,Fetch; preditores locais/gshare; decodificação; formatos; pipeline; conjunto de instruções,Análise e projeto técnico,120 min,[PDF](etapa-04/arquitetura-de-computadores-ii/prova-02.pdf)
Arquitetura de Computadores II,03 - Execução e commit,Após posição 30: Recuperando de falhas e liberando recursos no estágio de commit,posições 19–30,Dependências; renomeação; issue; memória; unidades; bypass; clustering; commit; recuperação,Análise e projeto técnico,120 min,[PDF](etapa-04/arquitetura-de-computadores-ii/prova-03.pdf)
Arquitetura de Computadores II,04 - Desempenho e workloads,Após posição 34: Reducing Workload,posições 31–34,Execução serial; paralela; workload design; reducing workload,Análise e projeto técnico,120 min,[PDF](etapa-04/arquitetura-de-computadores-ii/prova-04.pdf)
Programação Lógica,01 - Base lógica e aritmética,Após posição 5: 05 - Prolog - Aritmética,posições 1–5,Prolog; fatos; regras; consultas; base de conhecimento; aritmética,"Código, algoritmos e análise",120 min,[PDF](etapa-04/programacao-logica/prova-01.pdf)
Programação Lógica,02 - Controle e recursão,Após posição 8: 08 - Prolog - Fail e Repeat,posições 6–8,Recursão; corte; fail; repeat,"Código, algoritmos e análise",120 min,[PDF](etapa-04/programacao-logica/prova-02.pdf)
Programação Lógica,03 - Listas e integração,Após posição 11: 11 - Prolog - Exercício sobre Listas,posições 9–11,Listas; integração de corte e recursão,"Código, algoritmos e análise",120 min,[PDF](etapa-04/programacao-logica/prova-03.pdf)
Redes de Computadores,01 - Internet e aplicações,Após posição 2: Aula 2 - Camada de Aplicação - Redes de Computadores,posições 1–2,Atraso; perdas; vazão; camadas; HTTP; FTP; e-mail; DNS; P2P; CDN,Cenários e resolução técnica,120 min,[PDF](etapa-05/redes-de-computadores/prova-01.pdf)
Redes de Computadores,02 - Transporte,Após posição 3: Aula 3 - Camada de Transporte - Redes de Computadores,posições 3–3,Multiplexação; UDP; confiabilidade; TCP; congestionamento,Cenários e resolução técnica,120 min,[PDF](etapa-05/redes-de-computadores/prova-02.pdf)
Redes de Computadores,03 - Camada de rede,Após posição 5: Aula 5 - Camada de Rede: Plano de Controle - Redes de Computadores,posições 4–5,Plano de dados; roteadores; IP; SDN; OSPF; BGP; ICMP; SNMP,Cenários e resolução técnica,120 min,[PDF](etapa-05/redes-de-computadores/prova-03.pdf)
Redes de Computadores,"04 - Enlace, sem fio e segurança",Após posição 8: Aula 8 - Segurança de Redes - Redes de Computadores,posições 6–8,Erros; acesso múltiplo; ARP; Ethernet; switches; VLAN; MPLS; data centers; Wi-Fi; celular; criptografia; autenticação; e-mail; SSL,Cenários e resolução técnica,120 min,[PDF](etapa-05/redes-de-computadores/prova-04.pdf)
Introdução à Engenharia de Software,"01 - Processo, projeto e requisitos",Após posição 6: Instruções para o projeto - Trello e Scrum,posições 1–6,Processos; gestão; requisitos; Trello/Scrum,Cenários e resolução técnica,120 min,[PDF](etapa-05/introducao-a-engenharia-de-software/prova-01.pdf)
Introdução à Engenharia de Software,02 - Modelagem e projeto,Após posição 9: Arquitetura de Software,posições 7–9,Modelagem; princípios; arquitetura,Cenários e resolução técnica,120 min,[PDF](etapa-05/introducao-a-engenharia-de-software/prova-02.pdf)
Introdução à Engenharia de Software,03 - Verificação e qualidade,Após posição 11: Qualidade de Software,posições 10–11,Testes; qualidade,Cenários e resolução técnica,120 min,[PDF](etapa-05/introducao-a-engenharia-de-software/prova-03.pdf)
Sistemas Operacionais,01 - Execução e escalonamento,Após posição 8: ACH2044 - Sistemas Operacionais: Aula 07 (Parte 2) - Escalonamento e Threads,posições 1–8,Conceitos; estrutura; syscalls; interrupções; processos; escalonamento; threads,Cenários e resolução técnica,120 min,[PDF](etapa-05/sistemas-operacionais/prova-01.pdf)
Sistemas Operacionais,02 - Concorrência e coordenação,"Após posição 13: ACH2044 - Sistemas Operacionais: Aula 12 - Problemas Clássicos, Multiprogramação e Memória",posições 9–13,IPC; problemas clássicos; multiprogramação; introdução à memória,Cenários e resolução técnica,120 min,[PDF](etapa-05/sistemas-operacionais/prova-02.pdf)
Sistemas Operacionais,03 - Memória virtual,"Após posição 18: ACH2044 - Sistemas Operacionais: Aula 17 - Paginação, Segmentação e Dispositivos de Entrada e Saída",posições 14–18,Paginação; TLB; alocação; substituição; implementação; segmentação; introdução a I/O,Cenários e resolução técnica,120 min,[PDF](etapa-05/sistemas-operacionais/prova-03.pdf)
Sistemas Operacionais,"04 - I/O, arquivos e segurança",Após posição 23: ACH2044 - Sistemas Operacionais: Aula 22 - Segurança,posições 19–23,Dispositivos; discos; relógio; arquivos; segurança,Cenários e resolução técnica,120 min,[PDF](etapa-05/sistemas-operacionais/prova-04.pdf)
Programação Matemática,01 - Formulação e álgebra,Após posição 11: PM21 - S02P2 - Revisão de Álgebra Linear II,posições 1–11,Otimização linear; álgebra; subespaços; conjuntos afins; eliminação,"Problemas, cálculos e demonstrações",150 min,[PDF](etapa-05/programacao-matematica/prova-01.pdf)
Programação Matemática,02 - Geometria e dualidade,Após posição 19: PM21 - S04P3 - Geometria e Estrutura VII,posições 12–19,Convexidade; cones; poliedros; Fourier-Motzkin; Farkas; dualidade fraca/forte; Sperner; jogos; folgas; fluxo/corte,"Problemas, cálculos e demonstrações",180 min,[PDF](etapa-05/programacao-matematica/prova-02.pdf)
Programação Matemática,03 - Estrutura e integralidade,Após posição 26: PM21 - S06P3 - Total Unimodularidade III,posições 20–26,Interseções; Minkowski-Weyl; vértices; bases; degenerescência; raios; programação inteira; relaxação; unimodularidade; emparelhamento,"Problemas, cálculos e demonstrações",150 min,[PDF](etapa-05/programacao-matematica/prova-03.pdf)
Programação Matemática,04 - Simplex,Após posição 30: PM21 - Atendimento 24/11,posições 27–30,Tableaux; ilimitação; degenerescência; ciclagem; exercícios,"Problemas, cálculos e demonstrações",150 min,[PDF](etapa-05/programacao-matematica/prova-04.pdf)
Fundamentos de Computação Gráfica,01 - Geometria e pipeline,"Após posição 9: Aula 10: Laboratório 2 - Biblioteca GLM, Divisão por w",posições 1–9,Matemática; pipeline; modelagem; OpenGL; transformações; coordenadas; projeções; GLM; divisão por w,Cenários e resolução técnica,120 min,[PDF](etapa-05/fundamentos-de-computacao-grafica/prova-01.pdf)
Fundamentos de Computação Gráfica,02 - Rasterização e visibilidade,Após posição 12: Aula 13: Clipping and Culling,posições 10–12,Linhas; triângulos; clipping; culling,Cenários e resolução técnica,120 min,[PDF](etapa-05/fundamentos-de-computacao-grafica/prova-02.pdf)
Fundamentos de Computação Gráfica,03 - Aparência e movimento,Após posição 20: Aula 26: Iluminação Global (parte 2),posições 13–20,Curvas/superfícies; cor; iluminação; texturas; animação; iluminação global,Cenários e resolução técnica,120 min,[PDF](etapa-05/fundamentos-de-computacao-grafica/prova-03.pdf)
Linguagens Formais e Autômatos,01 - Autômatos finitos,Após posição 14: Simulando um AFN,posições 1–14,Conceitos; AFD; provas; projeto; simulação; AFN; equivalência; conversão,Construções e justificativas formais,150 min,[PDF](etapa-06/linguagens-formais-e-automatos/prova-01.pdf)
Linguagens Formais e Autômatos,02 - Linguagens regulares,Após posição 32: Linguagens regulares: o fim!,posições 15–32,Operações; fechamento; regex; conversões; bombeamento,Construções e justificativas formais,150 min,[PDF](etapa-06/linguagens-formais-e-automatos/prova-02.pdf)
Linguagens Formais e Autômatos,03 - Linguagens livres de contexto,Após posição 46: Linguagens livres de contexto: o fim!,posições 33–46,GLC; prova; AP; equivalência; simulação; propriedades; bombeamento,Construções e justificativas formais,150 min,[PDF](etapa-06/linguagens-formais-e-automatos/prova-03.pdf)
Linguagens Formais e Autômatos,04 - Computabilidade,Após posição 62: Exemplos de redução (irreconhecibilidade),posições 47–62,Turing; variantes; descrições; Church-Turing; decidibilidade; parada; diagonalização; redutibilidade,Construções e justificativas formais,150 min,[PDF](etapa-06/linguagens-formais-e-automatos/prova-04.pdf)
Linguagens Formais e Autômatos,05 - Complexidade,Após posição 68: Um problema NP-completo,posições 63–68,Tempo; notação; modelos; P/NP; NP-completude,Construções e justificativas formais,150 min,[PDF](etapa-06/linguagens-formais-e-automatos/prova-05.pdf)
Inteligência Artificial,01 - Agentes e busca,Após posição 10: Aula 10 - Agente de Resolução de Problemas - Heurísticas. Part (4/4),posições 1–10,Introdução; agentes; formulação; busca; heurísticas,Cenários e resolução técnica,120 min,[PDF](etapa-06/inteligencia-artificial/prova-01.pdf)
Inteligência Artificial,"02 - Otimização, jogos e restrições",Após posição 17: Aula 17 - Problema de Satisfação de Restrições (PSR),posições 11–17,Hill climbing; annealing; beam; genéticos; minimax; satisfação de restrições,Cenários e resolução técnica,120 min,[PDF](etapa-06/inteligencia-artificial/prova-02.pdf)
Inteligência Artificial,03 - Representação do conhecimento,Após posição 21: Aula 21 - Introdução à Representação do Conhecimento. Part (4/4),posições 18–21,Representação do conhecimento,Cenários e resolução técnica,120 min,Pendente: método não confirmado
Inteligência Artificial,04 - Aprendizado e aplicação,Após posição 30: Todos os Modelos de Aprendizado de Máquina Explicados em 5 Minutos | Tipos de Modelos de ML: Noçõ...,posições 22–30,Aprendizado de máquina; ROBOCODE; síntese dos modelos,Cenários e resolução técnica,120 min,[PDF](etapa-06/inteligencia-artificial/prova-04.pdf)
Sistemas Distribuídos,01 - Processos e sincronização,Após posição 7: Sistemas Distribuídos - Aula 6,posições 1–7,IPC; threads; locks; Peterson; atomicidade; semáforos; monitores,Cenários e resolução técnica,120 min,[PDF](etapa-06/sistemas-distribuidos/prova-01.pdf)
Sistemas Distribuídos,02 - Arquiteturas e comunicação,Após posição 11: Sistemas Distribuídos - Aula 10,posições 8–11,Cliente-servidor; DNS/CDN; P2P; BitTorrent; DHT; RPC; marshalling; RMI; serverless,Cenários e resolução técnica,120 min,[PDF](etapa-06/sistemas-distribuidos/prova-02.pdf)
Sistemas Distribuídos,03 - Tempo e coordenação,Após posição 16: Sistemas Distribuídos - Aula 15,posições 12–16,Berkeley; NTP; Lamport; vetores; multicast ordenado; exclusão distribuída; eleições,Cenários e resolução técnica,120 min,[PDF](etapa-06/sistemas-distribuidos/prova-03.pdf)
Sistemas Distribuídos,"04 - Estado, falhas e consistência",Após posição 22: Sistemas Distribuídos - Aula 21,posições 17–22,Transações; 2PL; deadlocks; estado global; 2PC/3PC; replicação; consistência; confiabilidade; TMR; bizantinas; consenso,Cenários e resolução técnica,120 min,[PDF](etapa-06/sistemas-distribuidos/prova-04.pdf)
Teoria dos Grafos,01 - Modelos e estruturas,Após posição 8: Teoria dos Grafos: 08 Grafos Direcionados,posições 1–8,Isomorfismo; decomposição; caminhos; bipartidos; Euler; contagem; extremal; digrafos,Construções e justificativas formais,120 min,[PDF](etapa-06/teoria-dos-grafos/prova-01.pdf)
Teoria dos Grafos,02 - Árvores e emparelhamentos,"Após posição 12: Teoria dos Grafos: 12 Emparelhamentos, Coberturas e Conjuntos Independentes",posições 9–12,Árvores; distâncias; matching; coberturas; independentes,Construções e justificativas formais,120 min,[PDF](etapa-06/teoria-dos-grafos/prova-02.pdf)
Teoria dos Grafos,03 - Conectividade,Após posição 16: Teoria dos Grafos: 16 Grafos k-conexos,posições 13–16,Conectividade em vértices/arestas; blocos; k-conexidade,Construções e justificativas formais,120 min,[PDF](etapa-06/teoria-dos-grafos/prova-03.pdf)
Teoria dos Grafos,04 - Coloração e planaridade,Após posição 20: Teoria dos Grafos: 20 Fórmula de Euler,posições 17–20,Coloração; limitantes; planaridade; Euler,Construções e justificativas formais,120 min,[PDF](etapa-06/teoria-dos-grafos/prova-04.pdf)
Cálculo III,01 - Integração em volumes,"Após posição 25: Mudança de variáveis na integral tripla (Tópico 6, parte 5)",posições 1–25,Duplas; Fubini; iteradas; mudança; triplas; mudança em três dimensões,"Problemas, cálculos e demonstrações",150 min,[PDF](etapa-06/calculo-iii/prova-01.pdf)
Cálculo III,02 - Integrais de linha e Green,"Após posição 54: Teorema de Green (Tópico 10, parte 9)",posições 26–54,Linha escalar; campos; Green; orientação,"Problemas, cálculos e demonstrações",150 min,[PDF](etapa-06/calculo-iii/prova-02.pdf)
Cálculo III,03 - Superfícies,"Após posição 65: Revisão e aprofundamento (Tópico 12, parte 7)",posições 55–65,Parametrização de superfícies; revisão,"Problemas, cálculos e demonstrações",150 min,[PDF](etapa-06/calculo-iii/prova-03.pdf)
Cálculo III,04 - Fluxos e teoremas,"Após posição 90: Revisão e aprofundamento (Tópico 16, parte 6)",posições 66–90,Fluxo; Gauss; Stokes; revisão,"Problemas, cálculos e demonstrações",150 min,[PDF](etapa-06/calculo-iii/prova-04.pdf)
Teoria da Computação,01 - Modelos de computação,Após posição 10: Live tira dúvidas 4 - 15/01/2021,posições 1–10,Problemas; Turing; extensões; não determinismo; funções numéricas; gramáticas; Church; universal,Construções e justificativas formais,120 min,[PDF](etapa-07/teoria-da-computacao/prova-01.pdf)
Teoria da Computação,02 - Indecidibilidade,Após posição 15: Aula 13 - Propriedades das linguagens recursivas,posições 11–15,Parada; problemas indecidíveis; linguagens recursivas,Construções e justificativas formais,120 min,[PDF](etapa-07/teoria-da-computacao/prova-02.pdf)
Teoria da Computação,03 - Complexidade e reduções,Após posição 23: Revisão - 14/03/2024,posições 16–23,P; NP; NP-completa; redução; 3-SAT; subset sum; co-NP,Construções e justificativas formais,120 min,[PDF](etapa-07/teoria-da-computacao/prova-03.pdf)
Deep Learning,01 - Modelos e diferenciação,Após posição 12: Deep Learning - L06 Diferenciação automática com Pytorch,posições 1–12,História; perceptron; álgebra; gradiente; autograd PyTorch,"Código, algoritmos e análise",120 min,[PDF](etapa-07/deep-learning/prova-01.pdf)
Deep Learning,02 - Classificação e treinamento,Após posição 22: Deep Learning - L11 Algoritmos de otimização para Deep Learning,posições 13–22,Logística; multiclasses; MLP; regularização; normalização; inicialização; otimização,"Código, algoritmos e análise",120 min,[PDF](etapa-07/deep-learning/prova-02.pdf)
Deep Learning,03 - Representação espacial e métrica,Após posição 27: Deep Learning - L13 Metric learning,posições 23–27,CNN; metric learning,"Código, algoritmos e análise",120 min,[PDF](etapa-07/deep-learning/prova-03.pdf)
Deep Learning,04 - Sequências e geração,Após posição 33: Deep Learning - L16 Generative Adversarial Networks part2,posições 28–33,RNN; autoencoders; GAN,"Código, algoritmos e análise",120 min,[PDF](etapa-07/deep-learning/prova-04.pdf)
Compiladores,01 - Construção do primeiro tradutor,Após posição 11: Aula 09 - Exercícios e Revisão | Gramáticas | Operadores Lógicos | Relacionais | Compiladores,posições 1–11,Ambiente; fases; tradução sintática; árvores; descida; FIRST; tradutor C++; lexer; símbolos; escopo; revisão,"Código, algoritmos e análise",120 min,[PDF](etapa-07/compiladores/prova-01.pdf)
Compiladores,02 - Semântica e código intermediário,Após posição 13: Aula 11 - Geração de Código Intermediário | Três Endereços | Árvore de Sintaxe | Compiladores,posições 12–13,AST; tipos; três endereços,"Código, algoritmos e análise",120 min,[PDF](etapa-07/compiladores/prova-02.pdf)
Compiladores,03 - Analisadores léxicos,Após posição 20: Aula 18 - Exercícios e Revisão | RegExp | Diagramas de Transição | Analisador Léxico | Compiladores,posições 14–20,Regex; tokens; transições; Flex; aplicações; AFN/AFD; geração; minimização,"Código, algoritmos e análise",120 min,[PDF](etapa-07/compiladores/prova-03.pdf)
Compiladores,04 - Analisadores sintáticos,Após posição 27: Aula 25 - Aplicações do Bison | Flex & Bison | Calculadora | Reconhecedor de Frases | Compiladores,posições 21–27,Gramáticas; LL/LR; transformações; FIRST/FOLLOW; preditivo; erros; shift/reduce; Yacc/Bison; aplicações,"Código, algoritmos e análise",120 min,[PDF](etapa-07/compiladores/prova-04.pdf)
Computação Quantica,01 - Fundamentos e informação,Após posição 6: Teletransporte Quântico,posições 1–6,Complexos; espaço complexo; qubits; Bell; Deutsch; não clonagem; teletransporte,Cenários e resolução técnica,120 min,[PDF](etapa-07/computacao-quantica/prova-01.pdf)
Computação Quantica,02 - Algoritmos e estados mistos,Após posição 15: Operadores de Kraus,posições 7–15,Informação; Deutsch-Jozsa; densidade; canais; traço parcial; Kraus,Cenários e resolução técnica,120 min,[PDF](etapa-07/computacao-quantica/prova-02.pdf)
Metodologia da Pesquisa,"01 - Problema, desenho e evidência",Após posição 7: Como ler um artigo científico? (Módulo 7/20),posições 1–7,Método; problema; design; experimentos; ética; revisão sistemática; leitura de artigos,Desenho de pesquisa e análise crítica,120 min,[PDF](etapa-07/metodologia-da-pesquisa/prova-01.pdf)
Metodologia da Pesquisa,02 - Coleta e análise,Após posição 15: Análise de Dados com Grounded Theory (Módulo 15/20),posições 8–15,Algoritmos; protótipos; simulação; estudos de caso; instrumentos; quantitativa; qualitativa; grounded theory,Desenho de pesquisa e análise crítica,120 min,[PDF](etapa-07/metodologia-da-pesquisa/prova-02.pdf)
Metodologia da Pesquisa,03 - Comunicação e ciência aberta,Após posição 20: Ciência Aberta (Módulo 20/20),posições 16–20,Compartilhar dados; escrita; publicação; apresentação; ciência aberta,Desenho de pesquisa e análise crítica,120 min,[PDF](etapa-07/metodologia-da-pesquisa/prova-03.pdf)
